name,img_url
,https://www.digminecraft.com/firework_recipes/images/firework_star.png
Acacia Boat,https://www.digminecraft.com/transportation_recipes/images/acacia_boat.png
Acacia Button,https://www.digminecraft.com/mechanism_recipes/images/acacia_button.png
Acacia Door,https://www.digminecraft.com/mechanism_recipes/images/acacia_door.png
Acacia Fence Gate,https://www.digminecraft.com/basic_recipes/images/acacia_fence_gate.png
Acacia Pressure Plate,https://www.digminecraft.com/mechanism_recipes/images/acacia_pressure_plate.png
Acacia Sign,https://www.digminecraft.com/basic_recipes/images/acacia_sign.png
Acacia Stairs,https://www.digminecraft.com/block_recipes/images/acacia_wood_stairs.png
Acacia Trapdoor,https://www.digminecraft.com/mechanism_recipes/images/acacia_trapdoor.png
Activator Rails,https://www.digminecraft.com/transportation_recipes/images/activator_rails.png
Air,https://www.digminecraft.com/materials/images/air.png
Allow Block,https://www.digminecraft.com/basic_recipes/images/allow.png
Ancient Debris,https://www.digminecraft.com/materials/images/ancient_debris.png
Andesite Stairs,https://www.digminecraft.com/block_recipes/images/andesite_stairs.png
Anvil,https://www.digminecraft.com/decoration_recipes/images/anvil.png
Slightly Damaged Anvil,https://www.digminecraft.com/decoration_recipes/images/slightly_damaged_anvil.png
Very Damaged Anvil,https://www.digminecraft.com/decoration_recipes/images/very_damaged_anvil.png
Apple,https://www.digminecraft.com/materials/images/apple.png
Armor Stand,https://www.digminecraft.com/decoration_recipes/images/armor_stand.png
Arrow,https://www.digminecraft.com/weapon_recipes/images/arrow.png
Baked Potato,https://www.digminecraft.com/food_recipes/images/baked_potato.png
Bamboo,https://www.digminecraft.com/materials/images/bamboo.png
Black Banner,https://www.digminecraft.com/decoration_recipes/images/black_banner.png
Red Banner,https://www.digminecraft.com/decoration_recipes/images/red_banner.png
Green Banner,https://www.digminecraft.com/decoration_recipes/images/green_banner.png
Brown Banner,https://www.digminecraft.com/decoration_recipes/images/brown_banner.png
Blue Banner,https://www.digminecraft.com/decoration_recipes/images/blue_banner.png
Purple Banner,https://www.digminecraft.com/decoration_recipes/images/purple_banner.png
Cyan Banner,https://www.digminecraft.com/decoration_recipes/images/cyan_banner.png
Light Gray Banner,https://www.digminecraft.com/decoration_recipes/images/light_gray_banner.png
Gray Banner,https://www.digminecraft.com/decoration_recipes/images/gray_banner.png
Pink Banner,https://www.digminecraft.com/decoration_recipes/images/pink_banner.png
Lime Banner,https://www.digminecraft.com/decoration_recipes/images/lime_banner.png
Yellow Banner,https://www.digminecraft.com/decoration_recipes/images/yellow_banner.png
Light Blue Banner,https://www.digminecraft.com/decoration_recipes/images/light_blue_banner.png
Magenta Banner,https://www.digminecraft.com/decoration_recipes/images/magenta_banner.png
Orange Banner,https://www.digminecraft.com/decoration_recipes/images/orange_banner.png
White Banner,https://www.digminecraft.com/decoration_recipes/images/white_banner.png
Barrel,https://www.digminecraft.com/basic_recipes/images/barrel.png
Barrier,https://www.digminecraft.com/materials/images/barrier.png
Basalt,https://www.digminecraft.com/materials/images/basalt.png
Bat Spawn Egg,https://www.digminecraft.com/materials/images/spawn_bat.png
Beacon,https://www.digminecraft.com/mechanism_recipes/images/beacon.png
White Bed,https://www.digminecraft.com/basic_recipes/images/white_bed.png
Orange Bed,https://www.digminecraft.com/basic_recipes/images/orange_bed.png
Magenta Bed,https://www.digminecraft.com/basic_recipes/images/magenta_bed.png
Light Blue Bed,https://www.digminecraft.com/basic_recipes/images/light_blue_bed.png
Yellow Bed,https://www.digminecraft.com/basic_recipes/images/yellow_bed.png
Lime Bed,https://www.digminecraft.com/basic_recipes/images/lime_bed.png
Pink Bed,https://www.digminecraft.com/basic_recipes/images/pink_bed.png
Gray Bed,https://www.digminecraft.com/basic_recipes/images/gray_bed.png
Light Gray Bed,https://www.digminecraft.com/basic_recipes/images/light_gray_bed.png
Cyan Bed,https://www.digminecraft.com/basic_recipes/images/cyan_bed.png
Purple Bed,https://www.digminecraft.com/basic_recipes/images/purple_bed.png
Blue Bed,https://www.digminecraft.com/basic_recipes/images/blue_bed.png
Brown Bed,https://www.digminecraft.com/basic_recipes/images/brown_bed.png
Green Bed,https://www.digminecraft.com/basic_recipes/images/green_bed.png
Red Bed,https://www.digminecraft.com/basic_recipes/images/bed.png
Black Bed,https://www.digminecraft.com/basic_recipes/images/black_bed.png
Bedrock,https://www.digminecraft.com/materials/images/bedrock.png
Bee Nest,https://www.digminecraft.com/decoration_recipes/images/bee_nest.png
Bee Spawn Egg,https://www.digminecraft.com/materials/images/spawn_bee.png
Raw Beef,https://www.digminecraft.com/food_recipes/images/raw_beef.png
Beehive,https://www.digminecraft.com/decoration_recipes/images/bee_hive.png
Beetroot,https://www.digminecraft.com/materials/images/beetroot.png
Beetroot Seeds,https://www.digminecraft.com/materials/images/beetroot_seeds.png
Beetroot Soup,https://www.digminecraft.com/food_recipes/images/beetroot_soup.png
Bell,https://www.digminecraft.com/decoration_recipes/images/bell.png
Birch Boat,https://www.digminecraft.com/transportation_recipes/images/birch_boat.png
Birch Button,https://www.digminecraft.com/mechanism_recipes/images/birch_button.png
Birch Door,https://www.digminecraft.com/mechanism_recipes/images/birch_door.png
Birch Fence Gate,https://www.digminecraft.com/basic_recipes/images/birch_fence_gate.png
Birch Pressure Plate,https://www.digminecraft.com/mechanism_recipes/images/birch_pressure_plate.png
Birch Sign,https://www.digminecraft.com/basic_recipes/images/birch_sign.png
Birch Stairs,https://www.digminecraft.com/block_recipes/images/birch_wood_stairs.png
Birch Trapdoor,https://www.digminecraft.com/mechanism_recipes/images/birch_trapdoor.png
Black Dye,https://www.digminecraft.com/dye_recipes/images/black_dye.png
Black Glazed Terracotta,https://www.digminecraft.com/decoration_recipes/images/black_glazed_terracotta.png
Blackstone,https://www.digminecraft.com/block_recipes/images/blackstone.png
Blackstone Slab,https://www.digminecraft.com/block_recipes/images/blackstone_slab.png
Blackstone Stairs,https://www.digminecraft.com/block_recipes/images/blackstone_stairs.png
Blackstone Wall,https://www.digminecraft.com/block_recipes/images/blackstone_wall.png
Blast Furnace,https://www.digminecraft.com/basic_recipes/images/blast_furnace.png
Blaze Powder,https://www.digminecraft.com/brewing_recipes/images/blaze_powder.png
Blaze Rod,https://www.digminecraft.com/materials/images/blaze_rod.png
Blaze Spawn Egg,https://www.digminecraft.com/materials/images/spawn_blaze.png
Blue Dye,https://www.digminecraft.com/dye_recipes/images/blue_dye.png
Blue Glazed Terracotta,https://www.digminecraft.com/decoration_recipes/images/blue_glazed_terracotta.png
Blue Ice,https://www.digminecraft.com/materials/images/blue_ice.png
Bone,https://www.digminecraft.com/materials/images/bone.png
Bone Block,https://www.digminecraft.com/block_recipes/images/bone_block.png
Bone Meal,https://www.digminecraft.com/dye_recipes/images/bone_meal.png
Book,https://www.digminecraft.com/basic_recipes/images/book.png
Bookshelf,https://www.digminecraft.com/block_recipes/images/bookshelf.png
Border Block,https://www.digminecraft.com/basic_recipes/images/border.png
Bordure Indented Banner Pattern,https://www.digminecraft.com/decoration_recipes/images/banner_pattern.png
Bow,https://www.digminecraft.com/weapon_recipes/images/bow.png
Bowl,https://www.digminecraft.com/tool_recipes/images/bowl.png
Bread,https://www.digminecraft.com/food_recipes/images/bread.png
Brewing Stand,https://www.digminecraft.com/brewing_recipes/images/brewing_stand.png
Brick,https://www.digminecraft.com/basic_recipes/images/brick.png
Bricks,https://www.digminecraft.com/block_recipes/images/bricks.png
Brick Stairs,https://www.digminecraft.com/block_recipes/images/brick_stairs.png
Brown Dye,https://www.digminecraft.com/dye_recipes/images/brown_dye.png
Brown Glazed Terracotta,https://www.digminecraft.com/decoration_recipes/images/brown_glazed_terracotta.png
Mushroom (brown),https://www.digminecraft.com/materials/images/mushroom_brown.png
Light Brown Mushroom Block,https://www.digminecraft.com/block_recipes/images/light_brown_mushroom_block.png
Brown Mushroom Block,https://www.digminecraft.com/block_recipes/images/brown_mushroom_block.png
Mushroom Stem,https://www.digminecraft.com/block_recipes/images/gray_mushroom_block.png
Bucket,https://www.digminecraft.com/tool_recipes/images/bucket.png
Cactus,https://www.digminecraft.com/materials/images/cactus.png
Cake,https://www.digminecraft.com/food_recipes/images/cake.png
Campfire,https://www.digminecraft.com/decoration_recipes/images/campfire.png
White Carpet,https://www.digminecraft.com/decoration_recipes/images/carpet.png
Orange Carpet,https://www.digminecraft.com/decoration_recipes/images/orange_carpet.png
Magenta Carpet,https://www.digminecraft.com/decoration_recipes/images/magenta_carpet.png
Light Blue Carpet,https://www.digminecraft.com/decoration_recipes/images/light_blue_carpet.png
Yellow Carpet,https://www.digminecraft.com/decoration_recipes/images/yellow_carpet.png
Lime Carpet,https://www.digminecraft.com/decoration_recipes/images/lime_carpet.png
Pink Carpet,https://www.digminecraft.com/decoration_recipes/images/pink_carpet.png
Gray Carpet,https://www.digminecraft.com/decoration_recipes/images/gray_carpet.png
Light Gray Carpet,https://www.digminecraft.com/decoration_recipes/images/light_gray_carpet.png
Cyan Carpet,https://www.digminecraft.com/decoration_recipes/images/cyan_carpet.png
Purple Carpet,https://www.digminecraft.com/decoration_recipes/images/purple_carpet.png
Blue Carpet,https://www.digminecraft.com/decoration_recipes/images/blue_carpet.png
Brown Carpet,https://www.digminecraft.com/decoration_recipes/images/brown_carpet.png
Green Carpet,https://www.digminecraft.com/decoration_recipes/images/green_carpet.png
Red Carpet,https://www.digminecraft.com/decoration_recipes/images/red_carpet.png
Black Carpet,https://www.digminecraft.com/decoration_recipes/images/black_carpet.png
Carrot,https://www.digminecraft.com/materials/images/carrot.png
Carrot on a Stick,https://www.digminecraft.com/transportation_recipes/images/carrot_stick.png
Cartography Table,https://www.digminecraft.com/basic_recipes/images/cartography_table.png
Carved Pumpkin,https://www.digminecraft.com/block_recipes/images/carved_pumpkin.png
Cat Spawn Egg,https://www.digminecraft.com/materials/images/spawn_cat.png
Cauldron,https://www.digminecraft.com/brewing_recipes/images/cauldron.png
Cave Spider Spawn Egg,https://www.digminecraft.com/materials/images/spawn_cave_spider.png
Chain,https://www.digminecraft.com/decoration_recipes/images/chain.png
Chain Command Block,https://www.digminecraft.com/command_blocks/images/chain_command_block.png
Chain Boots,https://www.digminecraft.com/armor_recipes/images/chain_boots.png
Chain Chestplate,https://www.digminecraft.com/armor_recipes/images/chain_chestplate.png
Chain Helmet,https://www.digminecraft.com/armor_recipes/images/chain_helmet.png
Chain Leggings,https://www.digminecraft.com/armor_recipes/images/chain_leggings.png
Charcoal,https://www.digminecraft.com/basic_recipes/images/charcoal.png
Chest,https://www.digminecraft.com/basic_recipes/images/chest.png
Minecart with Chest,https://www.digminecraft.com/transportation_recipes/images/minecart_with_chest.png
Raw Chicken,https://www.digminecraft.com/food_recipes/images/raw_chicken.png
Chicken Spawn Egg,https://www.digminecraft.com/materials/images/spawn_chicken.png
Chiseled Nether Bricks,https://www.digminecraft.com/block_recipes/images/chiseled_nether_bricks.png
Chiseled Polished Blackstone,https://www.digminecraft.com/block_recipes/images/chiseled_polished_blackstone.png
Chorus Flower,https://www.digminecraft.com/materials/images/chorus_flower.png
Chorus Fruit,https://www.digminecraft.com/materials/images/chorus_fruit.png
Chorus Plant,https://www.digminecraft.com/block_recipes/images/chorus_plant.png
Clay Block,https://www.digminecraft.com/block_recipes/images/clay_block.png
Clay,https://www.digminecraft.com/materials/images/clay.png
Clock,https://www.digminecraft.com/tool_recipes/images/clock.png
Coal,https://www.digminecraft.com/materials/images/coal.png
Coal Block,https://www.digminecraft.com/block_recipes/images/coal_block.png
Coal Ore,https://www.digminecraft.com/materials/images/coal_ore.png
Cobblestone,https://www.digminecraft.com/materials/images/cobblestone.png
Cobblestone Wall,https://www.digminecraft.com/block_recipes/images/cobblestone_wall.png
Mossy Cobblestone Wall,https://www.digminecraft.com/block_recipes/images/mossy_cobblestone_wall.png
Granite Wall,https://www.digminecraft.com/block_recipes/images/granite_wall.png
Diorite Wall,https://www.digminecraft.com/block_recipes/images/diorite_wall.png
Andesite Wall,https://www.digminecraft.com/block_recipes/images/andesite_wall.png
Sandstone Wall,https://www.digminecraft.com/block_recipes/images/sandstone_wall.png
Brick Wall,https://www.digminecraft.com/block_recipes/images/brick_wall.png
Stone Brick Wall,https://www.digminecraft.com/block_recipes/images/stone_brick_wall.png
Mossy Stone Brick Wall,https://www.digminecraft.com/block_recipes/images/mossy_stone_brick_wall.png
Nether Brick Wall,https://www.digminecraft.com/block_recipes/images/nether_brick_wall.png
End Stone Brick Wall,https://www.digminecraft.com/block_recipes/images/end_stone_brick_wall.png
Prismarine Wall,https://www.digminecraft.com/block_recipes/images/prismarine_wall.png
Red Sandstone Wall,https://www.digminecraft.com/block_recipes/images/red_sandstone_wall.png
Red Nether Brick Wall,https://www.digminecraft.com/block_recipes/images/red_nether_brick_wall.png
Cocoa Beans,https://www.digminecraft.com/materials/images/cocoa_beans.png
Raw Cod,https://www.digminecraft.com/materials/images/raw_cod.png
Bucket of Cod,https://www.digminecraft.com/basic_recipes/images/cod_bucket.png
Cod Spawn Egg,https://www.digminecraft.com/materials/images/spawn_cod.png
Command Block,https://www.digminecraft.com/command_blocks/images/command_block.png
Minecart with Command Block,https://www.digminecraft.com/transportation_recipes/images/minecart_with_command_block.png
Redstone Comparator,https://www.digminecraft.com/mechanism_recipes/images/redstone_comparator.png
Compass,https://www.digminecraft.com/tool_recipes/images/compass.png
Composter,https://www.digminecraft.com/basic_recipes/images/composter.png
White Concrete,https://www.digminecraft.com/block_recipes/images/white_concrete.png
Orange Concrete,https://www.digminecraft.com/block_recipes/images/orange_concrete.png
Magenta Concrete,https://www.digminecraft.com/block_recipes/images/magenta_concrete.png
Light Blue Concrete,https://www.digminecraft.com/block_recipes/images/light_blue_concrete.png
Yellow Concrete,https://www.digminecraft.com/block_recipes/images/yellow_concrete.png
Lime Concrete,https://www.digminecraft.com/block_recipes/images/lime_concrete.png
Pink Concrete,https://www.digminecraft.com/block_recipes/images/pink_concrete.png
Gray Concrete,https://www.digminecraft.com/block_recipes/images/gray_concrete.png
Light Gray Concrete,https://www.digminecraft.com/block_recipes/images/light_gray_concrete.png
Cyan Concrete,https://www.digminecraft.com/block_recipes/images/cyan_concrete.png
Purple Concrete,https://www.digminecraft.com/block_recipes/images/purple_concrete.png
Blue Concrete,https://www.digminecraft.com/block_recipes/images/blue_concrete.png
Brown Concrete,https://www.digminecraft.com/block_recipes/images/brown_concrete.png
Green Concrete,https://www.digminecraft.com/block_recipes/images/green_concrete.png
Red Concrete,https://www.digminecraft.com/block_recipes/images/red_concrete.png
Black Concrete,https://www.digminecraft.com/block_recipes/images/black_concrete.png
White Concrete Powder,https://www.digminecraft.com/block_recipes/images/white_concrete_powder.png
Orange Concrete Powder,https://www.digminecraft.com/block_recipes/images/orange_concrete_powder.png
Magenta Concrete Powder,https://www.digminecraft.com/block_recipes/images/magenta_concrete_powder.png
Light Blue Concrete Powder,https://www.digminecraft.com/block_recipes/images/light_blue_concrete_powder.png
Yellow Concrete Powder,https://www.digminecraft.com/block_recipes/images/yellow_concrete_powder.png
Lime Concrete Powder,https://www.digminecraft.com/block_recipes/images/lime_concrete_powder.png
Pink Concrete Powder,https://www.digminecraft.com/block_recipes/images/pink_concrete_powder.png
Gray Concrete Powder,https://www.digminecraft.com/block_recipes/images/gray_concrete_powder.png
Light Gray Concrete Powder,https://www.digminecraft.com/block_recipes/images/light_gray_concrete_powder.png
Cyan Concrete Powder,https://www.digminecraft.com/block_recipes/images/cyan_concrete_powder.png
Purple Concrete Powder,https://www.digminecraft.com/block_recipes/images/purple_concrete_powder.png
Blue Concrete Powder,https://www.digminecraft.com/block_recipes/images/blue_concrete_powder.png
Brown Concrete Powder,https://www.digminecraft.com/block_recipes/images/brown_concrete_powder.png
Green Concrete Powder,https://www.digminecraft.com/block_recipes/images/green_concrete_powder.png
Red Concrete Powder,https://www.digminecraft.com/block_recipes/images/red_concrete_powder.png
Black Concrete Powder,https://www.digminecraft.com/block_recipes/images/black_concrete_powder.png
Conduit,https://www.digminecraft.com/materials/images/conduit.png
Steak,https://www.digminecraft.com/food_recipes/images/steak.png
Cooked Chicken,https://www.digminecraft.com/food_recipes/images/cooked_chicken.png
Cooked Cod,https://www.digminecraft.com/food_recipes/images/cooked_cod.png
Cooked Mutton,https://www.digminecraft.com/food_recipes/images/cooked_mutton.png
Cooked Porkchop,https://www.digminecraft.com/food_recipes/images/cooked_porkchop.png
Cooked Rabbit,https://www.digminecraft.com/food_recipes/images/cooked_rabbit.png
Cooked Salmon,https://www.digminecraft.com/food_recipes/images/cooked_salmon.png
Cookie,https://www.digminecraft.com/food_recipes/images/cookie.png
Tube Coral,https://www.digminecraft.com/materials/images/blue_coral_plant.png
Brain Coral,https://www.digminecraft.com/materials/images/pink_coral_plant.png
Bubble Coral,https://www.digminecraft.com/materials/images/purple_coral_plant.png
Fire Coral,https://www.digminecraft.com/materials/images/red_coral_plant.png
Horn Coral,https://www.digminecraft.com/materials/images/yellow_coral_plant.png
Tube Coral Block,https://www.digminecraft.com/materials/images/blue_coral.png
Brain Coral Block,https://www.digminecraft.com/materials/images/pink_coral.png
Bubble Coral Block,https://www.digminecraft.com/materials/images/purple_coral.png
Fire Coral Block,https://www.digminecraft.com/materials/images/red_coral.png
Horn Coral Block,https://www.digminecraft.com/materials/images/yellow_coral.png
Dead Tube Coral Block,https://www.digminecraft.com/materials/images/dead_blue_coral.png
Dead Brain Coral Block,https://www.digminecraft.com/materials/images/dead_pink_coral.png
Dead Bubble Coral Block,https://www.digminecraft.com/materials/images/dead_purple_coral.png
Dead Fire Coral Block,https://www.digminecraft.com/materials/images/dead_red_coral.png
Dead Horn Coral Block,https://www.digminecraft.com/materials/images/dead_yellow_coral.png
Tube Coral Fan,https://www.digminecraft.com/materials/images/blue_coral_fan.png
Brain Coral Fan,https://www.digminecraft.com/materials/images/pink_coral_fan.png
Bubble Coral Fan,https://www.digminecraft.com/materials/images/purple_coral_fan.png
Fire Coral Fan,https://www.digminecraft.com/materials/images/red_coral_fan.png
Horn Coral Fan,https://www.digminecraft.com/materials/images/yellow_coral_fan.png
Cow Spawn Egg,https://www.digminecraft.com/materials/images/spawn_cow.png
Cracked Nether Bricks,https://www.digminecraft.com/block_recipes/images/cracked_nether_bricks.png
Cracked Polished Blackstone Bricks,https://www.digminecraft.com/block_recipes/images/cracked_polished_blackstone_bricks.png
Crafting Table,https://www.digminecraft.com/basic_recipes/images/crafting_table.png
Creeper Charge Banner Pattern,https://www.digminecraft.com/decoration_recipes/images/banner_pattern.png
Creeper Spawn Egg,https://www.digminecraft.com/materials/images/spawn_creeper.png
Crimson Button,https://www.digminecraft.com/mechanism_recipes/images/crimson_button.png
Crimson Door,https://www.digminecraft.com/mechanism_recipes/images/crimson_door.png
Crimson Fence,https://www.digminecraft.com/basic_recipes/images/crimson_fence.png
Crimson Fence Gate,https://www.digminecraft.com/basic_recipes/images/crimson_fence_gate.png
Crimson Fungus,https://www.digminecraft.com/materials/images/crimson_fungi.png
Crimson Hyphae,https://www.digminecraft.com/block_recipes/images/crimson_hyphae.png
Crimson Nylium,https://www.digminecraft.com/materials/images/crimson_nylium.png
Crimson Planks,https://www.digminecraft.com/basic_recipes/images/crimson_planks.png
Crimson Pressure Plate,https://www.digminecraft.com/mechanism_recipes/images/crimson_pressure_plate.png
Crimson Roots,https://www.digminecraft.com/materials/images/crimson_roots.png
Crimson Sign,https://www.digminecraft.com/basic_recipes/images/crimson_sign.png
Crimson Slab,https://www.digminecraft.com/block_recipes/images/crimson_slab.png
Crimson Stairs,https://www.digminecraft.com/block_recipes/images/crimson_stairs.png
Crimson Stem,https://www.digminecraft.com/materials/images/crimson_stem.png
Crimson Trapdoor,https://www.digminecraft.com/mechanism_recipes/images/crimson_trapdoor.png
Crossbow,https://www.digminecraft.com/weapon_recipes/images/crossbow.png
Crying Obsidian,https://www.digminecraft.com/block_recipes/images/crying_obsidian.png
Cyan Dye,https://www.digminecraft.com/dye_recipes/images/cyan_dye.png
Cyan Glazed Terracotta,https://www.digminecraft.com/decoration_recipes/images/cyan_glazed_terracotta.png
Dark Oak Boat,https://www.digminecraft.com/transportation_recipes/images/dark_oak_boat.png
Dark Oak Button,https://www.digminecraft.com/mechanism_recipes/images/dark_oak_button.png
Dark Oak Door,https://www.digminecraft.com/mechanism_recipes/images/dark_oak_door.png
Dark Oak Fence Gate,https://www.digminecraft.com/basic_recipes/images/dark_oak_fence_gate.png
Dark Oak Pressure Plate,https://www.digminecraft.com/mechanism_recipes/images/dark_oak_pressure_plate.png
Dark Oak Sign,https://www.digminecraft.com/basic_recipes/images/dark_oak_sign.png
Dark Oak Stairs,https://www.digminecraft.com/block_recipes/images/dark_oak_wood_stairs.png
Dark Oak Trapdoor,https://www.digminecraft.com/mechanism_recipes/images/dark_oak_trapdoor.png
Dark Prismarine Stairs,https://www.digminecraft.com/block_recipes/images/dark_prismarine_stairs.png
Daylight Detector,https://www.digminecraft.com/mechanism_recipes/images/daylight_sensor.png
Dead Bush,https://www.digminecraft.com/materials/images/dead_bush.png
Deny Block,https://www.digminecraft.com/basic_recipes/images/deny.png
Detector Rails,https://www.digminecraft.com/transportation_recipes/images/detector_rails.png
Diamond,https://www.digminecraft.com/materials/images/diamond.png
Diamond Axe,https://www.digminecraft.com/tool_recipes/images/diamond_axe.png
Block of Diamond,https://www.digminecraft.com/block_recipes/images/diamond_block.png
Diamond Boots,https://www.digminecraft.com/armor_recipes/images/diamond_boots.png
Diamond Chestplate,https://www.digminecraft.com/armor_recipes/images/diamond_chestplate.png
Diamond Helmet,https://www.digminecraft.com/armor_recipes/images/diamond_helmet.png
Diamond Hoe,https://www.digminecraft.com/tool_recipes/images/diamond_hoe.png
Diamond Horse Armor,https://www.digminecraft.com/armor_recipes/images/diamond_horse_armor.png
Diamond Leggings,https://www.digminecraft.com/armor_recipes/images/diamond_leggings.png
Diamond Ore,https://www.digminecraft.com/materials/images/diamond_ore.png
Diamond Pickaxe,https://www.digminecraft.com/tool_recipes/images/diamond_pickaxe.png
Diamond Shovel,https://www.digminecraft.com/tool_recipes/images/diamond_shovel.png
Diamond Sword,https://www.digminecraft.com/weapon_recipes/images/diamond_sword.png
Diorite Stairs,https://www.digminecraft.com/block_recipes/images/diorite_stairs.png
Dirt,https://www.digminecraft.com/materials/images/dirt.png
Coarse Dirt,https://www.digminecraft.com/materials/images/coarse_dirt.png
Dispenser,https://www.digminecraft.com/basic_recipes/images/dispenser.png
Dolphin Spawn Egg,https://www.digminecraft.com/materials/images/spawn_dolphin.png
Donkey Spawn Egg,https://www.digminecraft.com/materials/images/spawn_donkey.png
Sunflower,https://www.digminecraft.com/materials/images/sunflower.png
Lilac,https://www.digminecraft.com/materials/images/lilac.png
Tall Grass,https://www.digminecraft.com/materials/images/double_tallgrass.png
Large Fern,https://www.digminecraft.com/materials/images/large_fern.png
Rose Bush,https://www.digminecraft.com/materials/images/rose_bush.png
Peony,https://www.digminecraft.com/materials/images/peony.png
Dragon's Breath,https://www.digminecraft.com/brewing_recipes/images/dragons_breath.png
Dragon Egg,https://www.digminecraft.com/materials/images/dragon_egg.png
Dried Kelp,https://www.digminecraft.com/food_recipes/images/dried_kelp.png
Dried Kelp Block,https://www.digminecraft.com/block_recipes/images/dried_kelp_block.png
Dropper,https://www.digminecraft.com/basic_recipes/images/dropper.png
Drowned Spawn Egg,https://www.digminecraft.com/materials/images/spawn_drowned.png
Egg,https://www.digminecraft.com/food_recipes/images/egg.png
Elder Guardian Spawn Egg,https://www.digminecraft.com/materials/images/spawn_elder_guardian.png
Unknown Element,https://www.digminecraft.com/chemistry_elements/images/unknown.png
Hydrogen,https://www.digminecraft.com/chemistry_elements/images/hydrogen.png
Neon,https://www.digminecraft.com/chemistry_elements/images/neon.png
Fermium,https://www.digminecraft.com/chemistry_elements/images/fermium.png
Mendelevium,https://www.digminecraft.com/chemistry_elements/images/mendelevium.png
Nobelium,https://www.digminecraft.com/chemistry_elements/images/nobelium.png
Lawrencium,https://www.digminecraft.com/chemistry_elements/images/lawrencium.png
Rutherfordium,https://www.digminecraft.com/chemistry_elements/images/rutherfordium.png
Dubnium,https://www.digminecraft.com/chemistry_elements/images/dubnium.png
Seaborgium,https://www.digminecraft.com/chemistry_elements/images/seaborgium.png
Bohrium,https://www.digminecraft.com/chemistry_elements/images/bohrium.png
Hassium,https://www.digminecraft.com/chemistry_elements/images/hassium.png
Meitnerium,https://www.digminecraft.com/chemistry_elements/images/meitnerium.png
Sodium,https://www.digminecraft.com/chemistry_elements/images/sodium.png
Darmstadtium,https://www.digminecraft.com/chemistry_elements/images/darmstadtium.png
Roentgenium,https://www.digminecraft.com/chemistry_elements/images/roentgenium.png
Copernicium,https://www.digminecraft.com/chemistry_elements/images/copernicium.png
Nihonium,https://www.digminecraft.com/chemistry_elements/images/nihonium.png
Flerovium,https://www.digminecraft.com/chemistry_elements/images/flerovium.png
Moscovium,https://www.digminecraft.com/chemistry_elements/images/moscovium.png
Livermorium,https://www.digminecraft.com/chemistry_elements/images/livermorium.png
Tennessine,https://www.digminecraft.com/chemistry_elements/images/tennessine.png
Oganesson,https://www.digminecraft.com/chemistry_elements/images/oganesson.png
Magnesium,https://www.digminecraft.com/chemistry_elements/images/magnesium.png
Aluminum,https://www.digminecraft.com/chemistry_elements/images/aluminum.png
Silicon,https://www.digminecraft.com/chemistry_elements/images/silicon.png
Phosphorus,https://www.digminecraft.com/chemistry_elements/images/phosphorus.png
Sulphur,https://www.digminecraft.com/chemistry_elements/images/sulphur.png
Chlorine,https://www.digminecraft.com/chemistry_elements/images/chlorine.png
Argon,https://www.digminecraft.com/chemistry_elements/images/argon.png
Potassium,https://www.digminecraft.com/chemistry_elements/images/potassium.png
Helium,https://www.digminecraft.com/chemistry_elements/images/helium.png
Calcium,https://www.digminecraft.com/chemistry_elements/images/calcium.png
Scandium,https://www.digminecraft.com/chemistry_elements/images/scandium.png
Titanium,https://www.digminecraft.com/chemistry_elements/images/titanium.png
Vanadium,https://www.digminecraft.com/chemistry_elements/images/vanadium.png
Chromium,https://www.digminecraft.com/chemistry_elements/images/chromium.png
Manganese,https://www.digminecraft.com/chemistry_elements/images/manganese.png
Iron,https://www.digminecraft.com/chemistry_elements/images/iron.png
Cobalt,https://www.digminecraft.com/chemistry_elements/images/cobalt.png
Nickel,https://www.digminecraft.com/chemistry_elements/images/nickel.png
Copper,https://www.digminecraft.com/chemistry_elements/images/copper.png
Lithium,https://www.digminecraft.com/chemistry_elements/images/lithium.png
Zinc,https://www.digminecraft.com/chemistry_elements/images/zinc.png
Gallium,https://www.digminecraft.com/chemistry_elements/images/gallium.png
Germanium,https://www.digminecraft.com/chemistry_elements/images/germanium.png
Arsenic,https://www.digminecraft.com/chemistry_elements/images/arsenic.png
Selenium,https://www.digminecraft.com/chemistry_elements/images/selenium.png
Bromine,https://www.digminecraft.com/chemistry_elements/images/bromine.png
Krypton,https://www.digminecraft.com/chemistry_elements/images/krypton.png
Rubidium,https://www.digminecraft.com/chemistry_elements/images/rubidium.png
Strontium,https://www.digminecraft.com/chemistry_elements/images/strontium.png
Yttrium,https://www.digminecraft.com/chemistry_elements/images/yttrium.png
Beryllium,https://www.digminecraft.com/chemistry_elements/images/beryllium.png
Zirconium,https://www.digminecraft.com/chemistry_elements/images/zirconium.png
Niobium,https://www.digminecraft.com/chemistry_elements/images/niobium.png
Molybdenum,https://www.digminecraft.com/chemistry_elements/images/molybdenum.png
Technetium,https://www.digminecraft.com/chemistry_elements/images/technetium.png
Ruthenium,https://www.digminecraft.com/chemistry_elements/images/ruthenium.png
Rhodium,https://www.digminecraft.com/chemistry_elements/images/rhodium.png
Palladium,https://www.digminecraft.com/chemistry_elements/images/palladium.png
Silver,https://www.digminecraft.com/chemistry_elements/images/silver.png
Cadmium,https://www.digminecraft.com/chemistry_elements/images/cadmium.png
Indium,https://www.digminecraft.com/chemistry_elements/images/indium.png
Boron,https://www.digminecraft.com/chemistry_elements/images/boron.png
Tin,https://www.digminecraft.com/chemistry_elements/images/tin.png
Antimony,https://www.digminecraft.com/chemistry_elements/images/antimony.png
Tellurium,https://www.digminecraft.com/chemistry_elements/images/tellurium.png
Iodine,https://www.digminecraft.com/chemistry_elements/images/iodine.png
Xenon,https://www.digminecraft.com/chemistry_elements/images/xenon.png
Cesium,https://www.digminecraft.com/chemistry_elements/images/cesium.png
Barium,https://www.digminecraft.com/chemistry_elements/images/barium.png
Lanthanum,https://www.digminecraft.com/chemistry_elements/images/lanthanum.png
Cerium,https://www.digminecraft.com/chemistry_elements/images/cerium.png
Praseodymium,https://www.digminecraft.com/chemistry_elements/images/praseodymium.png
Carbon,https://www.digminecraft.com/chemistry_elements/images/carbon.png
Neodymium,https://www.digminecraft.com/chemistry_elements/images/neodymium.png
Promethium,https://www.digminecraft.com/chemistry_elements/images/promethium.png
Samarium,https://www.digminecraft.com/chemistry_elements/images/samarium.png
Europium,https://www.digminecraft.com/chemistry_elements/images/europium.png
Gadolinium,https://www.digminecraft.com/chemistry_elements/images/gadolinium.png
Terbium,https://www.digminecraft.com/chemistry_elements/images/terbium.png
Dysprosium,https://www.digminecraft.com/chemistry_elements/images/dysprosium.png
Holmium,https://www.digminecraft.com/chemistry_elements/images/holmium.png
Erbium,https://www.digminecraft.com/chemistry_elements/images/erbium.png
Thulium,https://www.digminecraft.com/chemistry_elements/images/thulium.png
Nitrogen,https://www.digminecraft.com/chemistry_elements/images/nitrogen.png
Ytterbium,https://www.digminecraft.com/chemistry_elements/images/ytterbium.png
Lutetium,https://www.digminecraft.com/chemistry_elements/images/lutetium.png
Hafnium,https://www.digminecraft.com/chemistry_elements/images/hafnium.png
Tantalum,https://www.digminecraft.com/chemistry_elements/images/tantalum.png
Tungsten,https://www.digminecraft.com/chemistry_elements/images/tungsten.png
Rhenium,https://www.digminecraft.com/chemistry_elements/images/rhenium.png
Osmium,https://www.digminecraft.com/chemistry_elements/images/osmium.png
Iridium,https://www.digminecraft.com/chemistry_elements/images/iridium.png
Platinum,https://www.digminecraft.com/chemistry_elements/images/platinum.png
Gold,https://www.digminecraft.com/chemistry_elements/images/gold.png
Oxygen,https://www.digminecraft.com/chemistry_elements/images/oxygen.png
Mercury,https://www.digminecraft.com/chemistry_elements/images/mercury.png
Thallium,https://www.digminecraft.com/chemistry_elements/images/thallium.png
Lead,https://www.digminecraft.com/tool_recipes/images/lead.png
Bismuth,https://www.digminecraft.com/chemistry_elements/images/bismuth.png
Polonium,https://www.digminecraft.com/chemistry_elements/images/polonium.png
Astatine,https://www.digminecraft.com/chemistry_elements/images/astatine.png
Radon,https://www.digminecraft.com/chemistry_elements/images/radon.png
Francium,https://www.digminecraft.com/chemistry_elements/images/francium.png
Radium,https://www.digminecraft.com/chemistry_elements/images/radium.png
Actinium,https://www.digminecraft.com/chemistry_elements/images/actinium.png
Fluorine,https://www.digminecraft.com/chemistry_elements/images/fluorine.png
Thorium,https://www.digminecraft.com/chemistry_elements/images/thorium.png
Protactinium,https://www.digminecraft.com/chemistry_elements/images/protactinium.png
Uranium,https://www.digminecraft.com/chemistry_elements/images/uranium.png
Neptunium,https://www.digminecraft.com/chemistry_elements/images/neptunium.png
Plutonium,https://www.digminecraft.com/chemistry_elements/images/plutonium.png
Americium,https://www.digminecraft.com/chemistry_elements/images/americium.png
Curium,https://www.digminecraft.com/chemistry_elements/images/curium.png
Berkelium,https://www.digminecraft.com/chemistry_elements/images/berkelium.png
Californium,https://www.digminecraft.com/chemistry_elements/images/californium.png
Einsteinium,https://www.digminecraft.com/chemistry_elements/images/einsteinium.png
Elytra,https://www.digminecraft.com/transportation_recipes/images/elytra.png
Emerald,https://www.digminecraft.com/materials/images/emerald.png
Block of Emerald,https://www.digminecraft.com/block_recipes/images/emerald_block.png
Emerald Ore,https://www.digminecraft.com/materials/images/emerald_ore.png
Map,https://www.digminecraft.com/basic_recipes/images/map.png
Enchanted Book,https://www.digminecraft.com/basic_recipes/images/enchanted_book.png
Enchanted Golden Apple,https://www.digminecraft.com/food_recipes/images/golden_apple2.png
Enchanting Table,https://www.digminecraft.com/basic_recipes/images/enchantment_table.png
End Stone Brick Stairs,https://www.digminecraft.com/block_recipes/images/end_stone_brick_stairs.png
End Stone Bricks,https://www.digminecraft.com/block_recipes/images/end_stone_bricks.png
End Crystal,https://www.digminecraft.com/materials/images/end_crystal.png
End Portal Frame,https://www.digminecraft.com/basic_recipes/images/end_portal.png
End Rod,https://www.digminecraft.com/materials/images/end_rod.png
End Stone,https://www.digminecraft.com/materials/images/end_stone.png
Ender Chest,https://www.digminecraft.com/basic_recipes/images/ender_chest.png
Eye of Ender,https://www.digminecraft.com/basic_recipes/images/eye_ender.png
Ender Pearl,https://www.digminecraft.com/materials/images/ender_pearl.png
Enderman Spawn Egg,https://www.digminecraft.com/materials/images/spawn_enderman.png
Endermite Spawn Egg,https://www.digminecraft.com/materials/images/spawn_endermite.png
Evoker Spawn Egg,https://www.digminecraft.com/materials/images/spawn_evoker.png
Bottle o'Enchanting,https://www.digminecraft.com/materials/images/bottle_o_enchanting.png
Feather,https://www.digminecraft.com/mobs/images/feather.png
Oak Fence,https://www.digminecraft.com/basic_recipes/images/oak_fence.png
Spruce Fence,https://www.digminecraft.com/basic_recipes/images/spruce_fence.png
Birch Fence,https://www.digminecraft.com/basic_recipes/images/birch_fence.png
Jungle Fence,https://www.digminecraft.com/basic_recipes/images/jungle_fence.png
Acacia Fence,https://www.digminecraft.com/basic_recipes/images/acacia_fence.png
Dark Oak Fence,https://www.digminecraft.com/basic_recipes/images/dark_oak_fence.png
Oak Fence Gate,https://www.digminecraft.com/basic_recipes/images/oak_fence_gate.png
Fermented Spider Eye,https://www.digminecraft.com/brewing_recipes/images/fermented_spider_eye.png
Field Masoned Banner Pattern,https://www.digminecraft.com/decoration_recipes/images/banner_pattern.png
Fire Charge,https://www.digminecraft.com/firework_recipes/images/fire_charge.png
Firework Rocket,https://www.digminecraft.com/firework_recipes/images/firework_rocket.png
Fishing Rod,https://www.digminecraft.com/tool_recipes/images/fishing_rod.png
Fletching Table,https://www.digminecraft.com/basic_recipes/images/fletching_table.png
Flint,https://www.digminecraft.com/materials/images/flint.png
Flint and Steel,https://www.digminecraft.com/tool_recipes/images/flint_and_steel.png
Flower Charge Banner Pattern,https://www.digminecraft.com/decoration_recipes/images/banner_pattern.png
Flower Pot,https://www.digminecraft.com/decoration_recipes/images/flower_pot.png
Fox Spawn Egg,https://www.digminecraft.com/materials/images/spawn_fox.png
Item Frame,https://www.digminecraft.com/decoration_recipes/images/item_frame.png
Furnace,https://www.digminecraft.com/basic_recipes/images/furnace.png
Ghast Spawn Egg,https://www.digminecraft.com/materials/images/spawn_ghast.png
Ghast Tear,https://www.digminecraft.com/materials/images/ghast_tear.png
Gilded Blackstone,https://www.digminecraft.com/block_recipes/images/gilded_blackstone.png
Glass,https://www.digminecraft.com/block_recipes/images/glass.png
Glass Bottle,https://www.digminecraft.com/brewing_recipes/images/glass_bottle.png
Glass Pane,https://www.digminecraft.com/decoration_recipes/images/glass_pane.png
Glistering Melon,https://www.digminecraft.com/brewing_recipes/images/glistering_melon.png
Glowstone,https://www.digminecraft.com/block_recipes/images/glowstone.png
Glowstone Dust,https://www.digminecraft.com/materials/images/glowstone_dust.png
Block of Gold,https://www.digminecraft.com/block_recipes/images/gold_block.png
Gold Ingot,https://www.digminecraft.com/basic_recipes/images/gold_ingot.png
Gold Nugget,https://www.digminecraft.com/basic_recipes/images/gold_nugget.png
Gold Ore,https://www.digminecraft.com/materials/images/gold_ore.png
Golden Apple,https://www.digminecraft.com/food_recipes/images/golden_apple.png
Golden Axe,https://www.digminecraft.com/tool_recipes/images/golden_axe.png
Golden Boots,https://www.digminecraft.com/armor_recipes/images/golden_boots.png
Golden Carrot,https://www.digminecraft.com/food_recipes/images/golden_carrot.png
Golden Chestplate,https://www.digminecraft.com/armor_recipes/images/golden_chestplate.png
Golden Helmet,https://www.digminecraft.com/armor_recipes/images/golden_helmet.png
Golden Hoe,https://www.digminecraft.com/tool_recipes/images/golden_hoe.png
Gold Horse Armor,https://www.digminecraft.com/armor_recipes/images/golden_horse_armor.png
Golden Leggings,https://www.digminecraft.com/armor_recipes/images/golden_leggings.png
Golden Pickaxe,https://www.digminecraft.com/tool_recipes/images/golden_pickaxe.png
Powered Rails,https://www.digminecraft.com/transportation_recipes/images/powered_rails.png
Golden Shovel,https://www.digminecraft.com/tool_recipes/images/golden_shovel.png
Golden Sword,https://www.digminecraft.com/weapon_recipes/images/golden_sword.png
Granite Stairs,https://www.digminecraft.com/block_recipes/images/granite_stairs.png
Grass Block,https://www.digminecraft.com/materials/images/grass_block.png
Dirt Path,https://www.digminecraft.com/block_recipes/images/grass_path.png
Gravel,https://www.digminecraft.com/materials/images/gravel.png
Gray Dye,https://www.digminecraft.com/dye_recipes/images/gray_dye.png
Gray Glazed Terracotta,https://www.digminecraft.com/decoration_recipes/images/gray_glazed_terracotta.png
Green Dye,https://www.digminecraft.com/dye_recipes/images/cactus_green.png
Green Glazed Terracotta,https://www.digminecraft.com/decoration_recipes/images/green_glazed_terracotta.png
Grindstone,https://www.digminecraft.com/basic_recipes/images/grindstone.png
Guardian Spawn Egg,https://www.digminecraft.com/materials/images/spawn_guardian.png
Gunpowder,https://www.digminecraft.com/materials/images/gunpowder.png
Terracotta,https://www.digminecraft.com/block_recipes/images/hardened_clay.png
Hay Bale,https://www.digminecraft.com/block_recipes/images/hay_bale.png
Heart of the Sea,https://www.digminecraft.com/materials/images/heart_of_sea.png
Heavy Weighted Pressure Plate,https://www.digminecraft.com/mechanism_recipes/images/heavy_weighted_pressure_plate.png
Hoglin Spawn Egg,https://www.digminecraft.com/materials/images/spawn_hoglin.png
Honey Block,https://www.digminecraft.com/block_recipes/images/honey_block.png
Honey Bottle,https://www.digminecraft.com/food_recipes/images/honey_bottle.png
Honeycomb,https://www.digminecraft.com/materials/images/honeycomb.png
Honeycomb Block,https://www.digminecraft.com/block_recipes/images/honeycomb_block.png
Hopper,https://www.digminecraft.com/basic_recipes/images/hopper.png
Minecart with Hopper,https://www.digminecraft.com/transportation_recipes/images/minecart_with_hopper.png
Horse Spawn Egg,https://www.digminecraft.com/materials/images/spawn_horse.png
Husk Spawn Egg,https://www.digminecraft.com/materials/images/spawn_husk.png
Ice,https://www.digminecraft.com/materials/images/ice.png
Ink Sac,https://www.digminecraft.com/materials/images/ink_sac.png
Iron Axe,https://www.digminecraft.com/tool_recipes/images/iron_axe.png
Iron Bars,https://www.digminecraft.com/decoration_recipes/images/iron_bars.png
Block of Iron,https://www.digminecraft.com/block_recipes/images/iron_block.png
Iron Boots,https://www.digminecraft.com/armor_recipes/images/iron_boots.png
Iron Chestplate,https://www.digminecraft.com/armor_recipes/images/iron_chestplate.png
Iron Door,https://www.digminecraft.com/mechanism_recipes/images/iron_door.png
Iron Helmet,https://www.digminecraft.com/armor_recipes/images/iron_helmet.png
Iron Hoe,https://www.digminecraft.com/tool_recipes/images/iron_hoe.png
Iron Horse Armor,https://www.digminecraft.com/armor_recipes/images/iron_horse_armor.png
Iron Ingot,https://www.digminecraft.com/basic_recipes/images/iron_ingot.png
Iron Leggings,https://www.digminecraft.com/armor_recipes/images/iron_leggings.png
Iron Nugget,https://www.digminecraft.com/basic_recipes/images/iron_nugget.png
Iron Ore,https://www.digminecraft.com/materials/images/iron_ore.png
Iron Pickaxe,https://www.digminecraft.com/tool_recipes/images/iron_pickaxe.png
Iron Shovel,https://www.digminecraft.com/tool_recipes/images/iron_shovel.png
Iron Sword,https://www.digminecraft.com/weapon_recipes/images/iron_sword.png
Iron Trapdoor,https://www.digminecraft.com/mechanism_recipes/images/iron_trapdoor.png
Jigsaw Block,https://www.digminecraft.com/basic_recipes/images/jigsaw_block.png
Jukebox,https://www.digminecraft.com/decoration_recipes/images/jukebox.png
Jungle Boat,https://www.digminecraft.com/transportation_recipes/images/jungle_boat.png
Jungle Button,https://www.digminecraft.com/mechanism_recipes/images/jungle_button.png
Jungle Door,https://www.digminecraft.com/mechanism_recipes/images/jungle_door.png
Jungle Fence Gate,https://www.digminecraft.com/basic_recipes/images/jungle_fence_gate.png
Jungle Pressure Plate,https://www.digminecraft.com/mechanism_recipes/images/jungle_pressure_plate.png
Jungle Sign,https://www.digminecraft.com/basic_recipes/images/jungle_sign.png
Jungle Stairs,https://www.digminecraft.com/block_recipes/images/jungle_wood_stairs.png
Jungle Trapdoor,https://www.digminecraft.com/mechanism_recipes/images/jungle_trapdoor.png
Kelp,https://www.digminecraft.com/materials/images/kelp.png
Ladder,https://www.digminecraft.com/basic_recipes/images/ladder.png
Lantern,https://www.digminecraft.com/decoration_recipes/images/lantern.png
Lapis Lazuli Block,https://www.digminecraft.com/block_recipes/images/lapis_lazuli_block.png
Lapis Lazuli,https://www.digminecraft.com/materials/images/lapis_lazuli.png
Lapis Lazuli Ore,https://www.digminecraft.com/materials/images/lapis_lazuli_ore.png
Lava,https://www.digminecraft.com/materials/images/lava.png
Lava Bucket,https://www.digminecraft.com/basic_recipes/images/lava_bucket.png
Leather,https://www.digminecraft.com/mobs/images/leather.png
Leather Boots,https://www.digminecraft.com/armor_recipes/images/leather_boots.png
Leather Tunic,https://www.digminecraft.com/armor_recipes/images/leather_tunic.png
Leather Cap,https://www.digminecraft.com/armor_recipes/images/leather_cap.png
Leather Horse Armor,https://www.digminecraft.com/armor_recipes/images/leather_horse_armor.png
Leather Pants,https://www.digminecraft.com/armor_recipes/images/leather_leggings.png
Oak Leaves,https://www.digminecraft.com/materials/images/oak_leaves.png
Spruce Leaves,https://www.digminecraft.com/materials/images/spruce_leaves.png
Birch Leaves,https://www.digminecraft.com/materials/images/birch_leaves.png
Jungle Leaves,https://www.digminecraft.com/materials/images/jungle_leaves.png
Acacia Leaves,https://www.digminecraft.com/materials/images/acacia_leaves.png
Dark Oak Leaves,https://www.digminecraft.com/materials/images/dark_oak_leaves.png
Lecturn,https://www.digminecraft.com/basic_recipes/images/lectern.png
Lever,https://www.digminecraft.com/mechanism_recipes/images/lever.png
Light Blue Dye,https://www.digminecraft.com/dye_recipes/images/light_blue_dye.png
Light Blue Glazed Terracotta,https://www.digminecraft.com/decoration_recipes/images/light_blue_glazed_terracotta.png
Light Gray Dye,https://www.digminecraft.com/dye_recipes/images/light_gray_dye.png
Light Weighted Pressure Plate,https://www.digminecraft.com/mechanism_recipes/images/light_weighted_pressure_plate.png
Lime Dye,https://www.digminecraft.com/dye_recipes/images/lime_dye.png
Lime Glazed Terracotta,https://www.digminecraft.com/decoration_recipes/images/lime_glazed_terracotta.png
Jack o'Lantern,https://www.digminecraft.com/block_recipes/images/jack_o_lantern.png
Llama Spawn Egg,https://www.digminecraft.com/materials/images/spawn_llama.png
Lodestone,https://www.digminecraft.com/decoration_recipes/images/lodestone.png
Oak Log,https://www.digminecraft.com/materials/images/oak_wood.png
Spruce Log,https://www.digminecraft.com/materials/images/spruce_wood.png
Birch Log,https://www.digminecraft.com/materials/images/birch_wood.png
Jungle Log,https://www.digminecraft.com/materials/images/jungle_wood.png
Acacia Log,https://www.digminecraft.com/materials/images/acacia_wood.png
Dark Oak Log,https://www.digminecraft.com/materials/images/dark_oak_wood.png
Loom,https://www.digminecraft.com/basic_recipes/images/loom.png
Magenta Dye,https://www.digminecraft.com/dye_recipes/images/magenta_dye.png
Magenta Glazed Terracotta,https://www.digminecraft.com/decoration_recipes/images/magenta_glazed_terracotta.png
Magma Block,https://www.digminecraft.com/block_recipes/images/magma_block.png
Magma Cream,https://www.digminecraft.com/brewing_recipes/images/magma_cream.png
Magma Cube Spawn Egg,https://www.digminecraft.com/materials/images/spawn_magma_cube.png
Block of Melon,https://www.digminecraft.com/block_recipes/images/melon.png
Melon Seeds,https://www.digminecraft.com/food_recipes/images/melon_seeds.png
Melon Slice,https://www.digminecraft.com/materials/images/melon.png
Milk,https://www.digminecraft.com/food_recipes/images/milk.png
Minecart,https://www.digminecraft.com/transportation_recipes/images/minecart.png
Monster Spawner,https://www.digminecraft.com/block_recipes/images/mob_spawner.png
Thing Banner Pattern,https://www.digminecraft.com/decoration_recipes/images/banner_pattern.png
Infested Stone,https://www.digminecraft.com/decoration_recipes/images/stone_monster_egg.png
Infested Cobblestone,https://www.digminecraft.com/decoration_recipes/images/cobblestone_monster_egg.png
Infested Stone Bricks,https://www.digminecraft.com/decoration_recipes/images/stone_brick_monster_egg.png
Infested Mossy Stone Bricks,https://www.digminecraft.com/decoration_recipes/images/mossy_stone_brick_monster_egg.png
Infested Cracked Stone Bricks,https://www.digminecraft.com/decoration_recipes/images/cracked_stone_brick_monster_egg.png
Infested Chiseled Stone Bricks,https://www.digminecraft.com/decoration_recipes/images/chiseled_stone_brick_monster_egg.png
Mooshroom Spawn Egg,https://www.digminecraft.com/materials/images/spawn_mooshroom.png
Mossy Cobblestone,https://www.digminecraft.com/block_recipes/images/moss_stone.png
Mossy Cobblestone Stairs,https://www.digminecraft.com/block_recipes/images/mossy_cobblestone_stairs.png
Mossy Stone Brick Stairs,https://www.digminecraft.com/block_recipes/images/mossy_stone_brick_stairs.png
Mule Spawn Egg,https://www.digminecraft.com/materials/images/spawn_mule.png
Mushroom Stew,https://www.digminecraft.com/food_recipes/images/mushroom_stew.png
Music Disc (C418 - 11),https://www.digminecraft.com/decoration_recipes/images/music_disc_11.png
Music Disc (C418 - 13),https://www.digminecraft.com/decoration_recipes/images/music_disc_13.png
Music Disc (C418 - blocks),https://www.digminecraft.com/decoration_recipes/images/music_disc_blocks.png
Music Disc (C418 - cat),https://www.digminecraft.com/decoration_recipes/images/music_disc_cat.png
Music Disc (C418 - chirp),https://www.digminecraft.com/decoration_recipes/images/music_disc_chirp.png
Music Disc (C418 - far),https://www.digminecraft.com/decoration_recipes/images/music_disc_far.png
Music Disc (C418 - mall),https://www.digminecraft.com/decoration_recipes/images/music_disc_mall.png
Music Disc (C418 - mellohi),https://www.digminecraft.com/decoration_recipes/images/music_disc_mellohi.png
Music Disc (Lena Raine - Pigstep),https://www.digminecraft.com/decoration_recipes/images/music_disc_pigstep.png
Music Disc (C418 - stal),https://www.digminecraft.com/decoration_recipes/images/music_disc_stal.png
Music Disc (C418 - strad),https://www.digminecraft.com/decoration_recipes/images/music_disc_strad.png
Music Disc (C418 - wait),https://www.digminecraft.com/decoration_recipes/images/music_disc_wait.png
Music Disc (C418 - ward),https://www.digminecraft.com/decoration_recipes/images/music_disc_ward.png
Raw Mutton,https://www.digminecraft.com/food_recipes/images/raw_mutton.png
Mycelium,https://www.digminecraft.com/materials/images/mycelium.png
Name Tag,https://www.digminecraft.com/tool_recipes/images/name_tag.png
Nautilus Shell,https://www.digminecraft.com/materials/images/nautilus_shell.png
Block of Nether Bricks,https://www.digminecraft.com/block_recipes/images/nether_brick.png
Nether Brick Fence,https://www.digminecraft.com/basic_recipes/images/nether_brick_fence.png
Nether Brick Stairs,https://www.digminecraft.com/block_recipes/images/nether_brick_stairs.png
Nether Gold Ore,https://www.digminecraft.com/materials/images/nether_gold_ore.png
Nether Sprouts,https://www.digminecraft.com/materials/images/nether_sprouts.png
Nether Star,https://www.digminecraft.com/materials/images/nether_star.png
Nether Wart,https://www.digminecraft.com/materials/images/nether_wart.png
Nether Wart Block,https://www.digminecraft.com/block_recipes/images/nether_wart_block.png
Nether Brick,https://www.digminecraft.com/basic_recipes/images/nether_brick.png
Netherite Axe,https://www.digminecraft.com/tool_recipes/images/netherite_axe.png
Block of Netherite,https://www.digminecraft.com/block_recipes/images/netherite_block.png
Netherite Boots,https://www.digminecraft.com/armor_recipes/images/netherite_boots.png
Netherite Chestplate,https://www.digminecraft.com/armor_recipes/images/netherite_chestplate.png
Netherite Helmet,https://www.digminecraft.com/armor_recipes/images/netherite_helmet.png
Netherite Hoe,https://www.digminecraft.com/tool_recipes/images/netherite_hoe.png
Netherite Ingot,https://www.digminecraft.com/basic_recipes/images/netherite_ingot.png
Netherite Leggings,https://www.digminecraft.com/armor_recipes/images/netherite_leggings.png
Netherite Pickaxe,https://www.digminecraft.com/tool_recipes/images/netherite_pickaxe.png
Netherite Scrap,https://www.digminecraft.com/basic_recipes/images/netherite_scrap.png
Netherite Shovel,https://www.digminecraft.com/tool_recipes/images/netherite_shovel.png
Netherite Sword,https://www.digminecraft.com/weapon_recipes/images/netherite_sword.png
Netherrack,https://www.digminecraft.com/materials/images/netherrack.png
Stone Stairs,https://www.digminecraft.com/block_recipes/images/stone_stairs.png
Note Block,https://www.digminecraft.com/decoration_recipes/images/note_block.png
Oak Boat,https://www.digminecraft.com/transportation_recipes/images/boat.png
Oak Sign,https://www.digminecraft.com/basic_recipes/images/sign.png
Oak Stairs,https://www.digminecraft.com/block_recipes/images/oak_wood_stairs.png
Observer,https://www.digminecraft.com/basic_recipes/images/observer.png
Obsidian,https://www.digminecraft.com/block_recipes/images/obsidian.png
Ocelot Spawn Egg,https://www.digminecraft.com/materials/images/spawn_ocelot.png
Orange Dye,https://www.digminecraft.com/dye_recipes/images/orange_dye.png
Orange Glazed Terracotta,https://www.digminecraft.com/decoration_recipes/images/orange_glazed_terracotta.png
Packed Ice,https://www.digminecraft.com/block_recipes/images/packed_ice.png
Painting,https://www.digminecraft.com/decoration_recipes/images/painting.png
Panda Spawn Egg,https://www.digminecraft.com/materials/images/spawn_panda.png
Paper,https://www.digminecraft.com/basic_recipes/images/paper.png
Parrot Spawn Egg,https://www.digminecraft.com/materials/images/spawn_parrot.png
Phantom Membrane,https://www.digminecraft.com/materials/images/phantom_membrane.png
Phantom Spawn Egg,https://www.digminecraft.com/materials/images/spawn_phantom.png
Pig Spawn Egg,https://www.digminecraft.com/materials/images/spawn_pig.png
Snout Banner Pattern,https://www.digminecraft.com/decoration_recipes/images/banner_pattern.png
Piglin Brute Spawn Egg,https://www.digminecraft.com/materials/images/spawn_piglin_brute.png
Piglin Spawn Egg,https://www.digminecraft.com/materials/images/spawn_piglin.png
Pillager Spawn Egg,https://www.digminecraft.com/materials/images/spawn_pillager.png
Pink Dye,https://www.digminecraft.com/dye_recipes/images/pink_dye.png
Pink Glazed Terracotta,https://www.digminecraft.com/decoration_recipes/images/pink_glazed_terracotta.png
Piston,https://www.digminecraft.com/mechanism_recipes/images/piston.png
Oak Planks,https://www.digminecraft.com/basic_recipes/images/oak_wood_plank.png
Spruce Planks,https://www.digminecraft.com/basic_recipes/images/spruce_wood_plank.png
Birch Planks,https://www.digminecraft.com/basic_recipes/images/birch_wood_plank.png
Jungle Planks,https://www.digminecraft.com/basic_recipes/images/jungle_wood_plank.png
Acacia Planks,https://www.digminecraft.com/basic_recipes/images/acacia_wood_plank.png
Dark Oak Planks,https://www.digminecraft.com/basic_recipes/images/dark_oak_wood_plank.png
Podzol,https://www.digminecraft.com/materials/images/podzol.png
Poisonous Potato,https://www.digminecraft.com/materials/images/poisonous_potato.png
Polar Bear Spawn Egg,https://www.digminecraft.com/materials/images/spawn_polar_bear.png
Polished Andesite Stairs,https://www.digminecraft.com/block_recipes/images/polished_andesite_stairs.png
Polished Basalt,https://www.digminecraft.com/block_recipes/images/polished_basalt.png
Polished Blackstone,https://www.digminecraft.com/block_recipes/images/polished_blackstone.png
Polished Blackstone Brick Slab,https://www.digminecraft.com/block_recipes/images/polished_blackstone_brick_slab.png
Polished Blackstone Brick Stairs,https://www.digminecraft.com/block_recipes/images/polished_blackstone_brick_stairs.png
Polished Blackstone Brick Wall,https://www.digminecraft.com/block_recipes/images/polished_blackstone_brick_wall.png
Polished Blackstone Bricks,https://www.digminecraft.com/block_recipes/images/polished_blackstone_bricks.png
Polished Blackstone Button,https://www.digminecraft.com/mechanism_recipes/images/polished_blackstone_button.png
Polished Blackstone Pressure Plate,https://www.digminecraft.com/mechanism_recipes/images/polished_blackstone_pressure_plate.png
Polished Blackstone Slab,https://www.digminecraft.com/block_recipes/images/polished_blackstone_slab.png
Polished Blackstone Stairs,https://www.digminecraft.com/block_recipes/images/polished_blackstone_stairs.png
Polished Blackstone Wall,https://www.digminecraft.com/block_recipes/images/polished_blackstone_wall.png
Polished Diorite Stairs,https://www.digminecraft.com/block_recipes/images/polished_diorite_stairs.png
Polished Granite Stairs,https://www.digminecraft.com/block_recipes/images/polished_granite_stairs.png
Popped Chorus Fruit,https://www.digminecraft.com/materials/images/popped_chorus_fruit.png
Raw Porkchop,https://www.digminecraft.com/food_recipes/images/raw_porkchop.png
Potato,https://www.digminecraft.com/materials/images/potato.png
Water Bottle,https://www.digminecraft.com/brewing_recipes/images/water_bottle.png
Prismarine,https://www.digminecraft.com/block_recipes/images/prismarine.png
Dark Prismarine,https://www.digminecraft.com/block_recipes/images/dark_prismarine.png
Prismarine Bricks,https://www.digminecraft.com/block_recipes/images/prismarine_bricks.png
Prismarine Bricks Stairs,https://www.digminecraft.com/block_recipes/images/prismarine_bricks_stairs.png
Prismarine Crystals,https://www.digminecraft.com/materials/images/prismarine_crystal.png
Prismarine Shard,https://www.digminecraft.com/materials/images/prismarine_shard.png
Prismarine Stairs,https://www.digminecraft.com/block_recipes/images/prismarine_stairs.png
Pufferfish,https://www.digminecraft.com/materials/images/pufferfish.png
Bucket of Pufferfish,https://www.digminecraft.com/basic_recipes/images/pufferfish_bucket.png
Pufferfish Spawn Egg,https://www.digminecraft.com/materials/images/spawn_pufferfish.png
Pumpkin,https://www.digminecraft.com/materials/images/pumpkin.png
Pumpkin Pie,https://www.digminecraft.com/food_recipes/images/pumpkin_pie.png
Pumpkin Seeds,https://www.digminecraft.com/food_recipes/images/pumpkin_seeds.png
Purple Dye,https://www.digminecraft.com/dye_recipes/images/purple_dye.png
Purple Glazed Terracotta,https://www.digminecraft.com/decoration_recipes/images/purple_glazed_terracotta.png
Purpur Block,https://www.digminecraft.com/block_recipes/images/purpur_block.png
Purpur Pillar,https://www.digminecraft.com/block_recipes/images/purpur_pillar.png
Purpur Stairs,https://www.digminecraft.com/block_recipes/images/purpur_stairs.png
Nether Quartz,https://www.digminecraft.com/materials/images/nether_quartz.png
Block of Quartz,https://www.digminecraft.com/block_recipes/images/quartz_block.png
Chiseled Quartz Block,https://www.digminecraft.com/block_recipes/images/chiseled_quartz_block.png
Quartz Pillar,https://www.digminecraft.com/block_recipes/images/pillar_quartz_block.png
Smooth Quartz,https://www.digminecraft.com/block_recipes/images/smooth_quartz.png
Quartz Bricks,https://www.digminecraft.com/block_recipes/images/quartz_bricks.png
Nether Quartz Ore,https://www.digminecraft.com/materials/images/nether_quartz_ore.png
Quartz Stairs,https://www.digminecraft.com/block_recipes/images/quartz_stairs.png
Raw Rabbit,https://www.digminecraft.com/food_recipes/images/raw_rabbit.png
Rabbit's Foot,https://www.digminecraft.com/mobs/images/rabbits_foot.png
Rabbit Hide,https://www.digminecraft.com/mobs/images/rabbit_hide.png
Rabbit Spawn Egg,https://www.digminecraft.com/materials/images/spawn_rabbit.png
Rabbit Stew,https://www.digminecraft.com/food_recipes/images/rabbit_stew.png
Rails,https://www.digminecraft.com/transportation_recipes/images/rails.png
Ravager Spawn Egg,https://www.digminecraft.com/materials/images/spawn_illager_beast.png
Red Dye,https://www.digminecraft.com/dye_recipes/images/rose_red.png
Poppy,https://www.digminecraft.com/materials/images/poppy.png
Blue Orchid,https://www.digminecraft.com/materials/images/blue_orchid.png
Allium,https://www.digminecraft.com/materials/images/allium.png
Azure Bluet,https://www.digminecraft.com/materials/images/azure_bluet.png
Red Tulip,https://www.digminecraft.com/materials/images/red_tulip.png
Orange Tulip,https://www.digminecraft.com/materials/images/orange_tulip.png
White Tulip,https://www.digminecraft.com/materials/images/white_tulip.png
Pink Tulip,https://www.digminecraft.com/materials/images/pink_tulip.png
Oxeye Daisy,https://www.digminecraft.com/materials/images/oxeye_daisy.png
Cornflower,https://www.digminecraft.com/materials/images/cornflower.png
Lily of the Valley,https://www.digminecraft.com/materials/images/lily_of_the_valley.png
Red Glazed Terracotta,https://www.digminecraft.com/decoration_recipes/images/red_glazed_terracotta.png
Mushroom (red with white spots),https://www.digminecraft.com/materials/images/mushroom_red.png
Red Mushroom Block,https://www.digminecraft.com/block_recipes/images/red_mushroom_block.png
Red Nether Brick,https://www.digminecraft.com/block_recipes/images/red_nether_brick.png
Red Nether Brick Stairs,https://www.digminecraft.com/block_recipes/images/red_nether_brick_stairs.png
Red Sandstone,https://www.digminecraft.com/block_recipes/images/red_sandstone.png
Chiseled Red Sandstone,https://www.digminecraft.com/block_recipes/images/chiseled_red_sandstone.png
Cut Red Sandstone,https://www.digminecraft.com/block_recipes/images/cut_red_sandstone.png
Smooth Red Sandstone,https://www.digminecraft.com/block_recipes/images/smooth_red_sandstone.png
Red Sandstone Stairs,https://www.digminecraft.com/block_recipes/images/red_sandstone_stairs.png
Redstone Dust,https://www.digminecraft.com/materials/images/redstone.png
Block of Redstone,https://www.digminecraft.com/block_recipes/images/redstone_block.png
Redstone Lamp,https://www.digminecraft.com/decoration_recipes/images/redstone_lamp.png
Redstone Ore,https://www.digminecraft.com/materials/images/redstone_ore.png
Redstone Torch,https://www.digminecraft.com/basic_recipes/images/redstone_torch.png
Redstone Repeater,https://www.digminecraft.com/mechanism_recipes/images/redstone_repeater.png
Repeating Command Block,https://www.digminecraft.com/command_blocks/images/repeating_command_block.png
Respawn Anchor,https://www.digminecraft.com/decoration_recipes/images/respawn_anchor.png
Rotten Flesh,https://www.digminecraft.com/materials/images/rotten_flesh.png
Saddle,https://www.digminecraft.com/transportation_recipes/images/saddle.png
Raw Salmon,https://www.digminecraft.com/materials/images/raw_salmon.png
Bucket of Salmon,https://www.digminecraft.com/basic_recipes/images/salmon_bucket.png
Salmon Spawn Egg,https://www.digminecraft.com/materials/images/spawn_salmon.png
Sand,https://www.digminecraft.com/materials/images/sand.png
Red Sand,https://www.digminecraft.com/materials/images/red_sand.png
Sandstone,https://www.digminecraft.com/block_recipes/images/sandstone.png
Chiseled Sandstone,https://www.digminecraft.com/block_recipes/images/chiseled_sandstone.png
Cut Sandstone,https://www.digminecraft.com/block_recipes/images/cut_sandstone.png
Smooth Sandstone,https://www.digminecraft.com/block_recipes/images/smooth_sandstone.png
Sandstone Stairs,https://www.digminecraft.com/block_recipes/images/sandstone_stairs.png
Oak Sapling,https://www.digminecraft.com/materials/images/oak_sapling.png
Spruce Sapling,https://www.digminecraft.com/materials/images/spruce_sapling.png
Birch Sapling,https://www.digminecraft.com/materials/images/birch_sapling.png
Jungle Sapling,https://www.digminecraft.com/materials/images/jungle_sapling.png
Acacia Sapling,https://www.digminecraft.com/materials/images/acacia_sapling.png
Dark Oak Sapling,https://www.digminecraft.com/materials/images/dark_oak_sapling.png
Scaffolding,https://www.digminecraft.com/decoration_recipes/images/scaffolding.png
Scute,https://www.digminecraft.com/materials/images/scute.png
Sea Pickle,https://www.digminecraft.com/materials/images/sea_pickle.png
Seagrass,https://www.digminecraft.com/materials/images/sea_grass.png
Sea Lantern,https://www.digminecraft.com/block_recipes/images/sea_lantern.png
Shears,https://www.digminecraft.com/tool_recipes/images/shears.png
Sheep Spawn Egg,https://www.digminecraft.com/materials/images/spawn_sheep.png
Shield,https://www.digminecraft.com/armor_recipes/images/shield.png
Shroomlight,https://www.digminecraft.com/materials/images/shroomlight.png
White Shulker Box,https://www.digminecraft.com/decoration_recipes/images/white_shulker_box.png
Orange Shulker Box,https://www.digminecraft.com/decoration_recipes/images/orange_shulker_box.png
Magenta Shulker Box,https://www.digminecraft.com/decoration_recipes/images/magenta_shulker_box.png
Light Blue Shulker Box,https://www.digminecraft.com/decoration_recipes/images/light_blue_shulker_box.png
Yellow Shulker Box,https://www.digminecraft.com/decoration_recipes/images/yellow_shulker_box.png
Lime Shulker Box,https://www.digminecraft.com/decoration_recipes/images/lime_shulker_box.png
Pink Shulker Box,https://www.digminecraft.com/decoration_recipes/images/pink_shulker_box.png
Gray Shulker Box,https://www.digminecraft.com/decoration_recipes/images/gray_shulker_box.png
Light Gray Shulker Box,https://www.digminecraft.com/decoration_recipes/images/light_gray_shulker_box.png
Cyan Shulker Box,https://www.digminecraft.com/decoration_recipes/images/cyan_shulker_box.png
Purple Shulker Box,https://www.digminecraft.com/decoration_recipes/images/purple_shulker_box.png
Blue Shulker Box,https://www.digminecraft.com/decoration_recipes/images/blue_shulker_box.png
Brown Shulker Box,https://www.digminecraft.com/decoration_recipes/images/brown_shulker_box.png
Green Shulker Box,https://www.digminecraft.com/decoration_recipes/images/green_shulker_box.png
Red Shulker Box,https://www.digminecraft.com/decoration_recipes/images/red_shulker_box.png
Black Shulker Box,https://www.digminecraft.com/decoration_recipes/images/black_shulker_box.png
Shulker Shell,https://www.digminecraft.com/materials/images/shulker_shell.png
Shulker Spawn Egg,https://www.digminecraft.com/materials/images/spawn_shulker.png
Light Gray Glazed Terracotta,https://www.digminecraft.com/decoration_recipes/images/light_gray_glazed_terracotta.png
Silverfish Spawn Egg,https://www.digminecraft.com/materials/images/spawn_silverfish.png
Skeleton Horse Spawn Egg,https://www.digminecraft.com/materials/images/spawn_skeleton_horse.png
Skeleton Spawn Egg,https://www.digminecraft.com/materials/images/spawn_skeleton.png
Skeleton Skull,https://www.digminecraft.com/materials/images/skeleton_skull.png
Wither Skeleton Skull,https://www.digminecraft.com/materials/images/wither_skeleton_skull.png
Zombie Head,https://www.digminecraft.com/materials/images/zombie_head.png
Steve Head,https://www.digminecraft.com/materials/images/head.png
Creeper Head,https://www.digminecraft.com/materials/images/creeper_head.png
Dragon Head,https://www.digminecraft.com/materials/images/dragon_head.png
Skull Charge Banner Pattern,https://www.digminecraft.com/decoration_recipes/images/banner_pattern.png
Slime Block,https://www.digminecraft.com/decoration_recipes/images/slime_block.png
Slimeball,https://www.digminecraft.com/materials/images/slimeball.png
Slime Spawn Egg,https://www.digminecraft.com/materials/images/spawn_slime.png
Smithing Table,https://www.digminecraft.com/basic_recipes/images/smithing_table.png
Smoker,https://www.digminecraft.com/basic_recipes/images/smoker.png
Smooth Quartz Stairs,https://www.digminecraft.com/block_recipes/images/smooth_quartz_stairs.png
Smooth Red Sandstone Stairs,https://www.digminecraft.com/block_recipes/images/smooth_red_sandstone_stairs.png
Smooth Sandstone Stairs,https://www.digminecraft.com/block_recipes/images/smooth_sandstone_stairs.png
Smooth Stone,https://www.digminecraft.com/block_recipes/images/smooth_stone.png
Snow Block,https://www.digminecraft.com/block_recipes/images/snow.png
Snow,https://www.digminecraft.com/materials/images/snow.png
Snowball,https://www.digminecraft.com/materials/images/snowball.png
Soul Campfire,https://www.digminecraft.com/decoration_recipes/images/soul_campfire.png
Soul Lantern,https://www.digminecraft.com/decoration_recipes/images/soul_fire_lantern.png
Soul Sand,https://www.digminecraft.com/materials/images/soul_sand.png
Soul Soil,https://www.digminecraft.com/materials/images/soul_soil.png
Soul Torch,https://www.digminecraft.com/basic_recipes/images/soul_fire_torch.png
NPC Spawn Egg,https://www.digminecraft.com/materials/images/spawn_npc.png
Spider Eye,https://www.digminecraft.com/materials/images/spider_eye.png
Spider Spawn Egg,https://www.digminecraft.com/materials/images/spawn_spider.png
Sponge,https://www.digminecraft.com/block_recipes/images/sponge.png
Wet Sponge,https://www.digminecraft.com/materials/images/wet_sponge.png
Spruce Boat,https://www.digminecraft.com/transportation_recipes/images/spruce_boat.png
Spruce Button,https://www.digminecraft.com/mechanism_recipes/images/spruce_button.png
Spruce Door,https://www.digminecraft.com/mechanism_recipes/images/spruce_door.png
Spruce Fence Gate,https://www.digminecraft.com/basic_recipes/images/spruce_fence_gate.png
Spruce Pressure Plate,https://www.digminecraft.com/mechanism_recipes/images/spruce_pressure_plate.png
Spruce Sign,https://www.digminecraft.com/basic_recipes/images/spruce_sign.png
Spruce Stairs,https://www.digminecraft.com/block_recipes/images/spruce_wood_stairs.png
Spruce Trapdoor,https://www.digminecraft.com/mechanism_recipes/images/spruce_trapdoor.png
Squid Spawn Egg,https://www.digminecraft.com/materials/images/spawn_squid.png
White Stained Glass,https://www.digminecraft.com/block_recipes/images/white_stained_glass.png
Orange Stained Glass,https://www.digminecraft.com/block_recipes/images/orange_stained_glass.png
Magenta Stained Glass,https://www.digminecraft.com/block_recipes/images/magenta_stained_glass.png
Light Blue Stained Glass,https://www.digminecraft.com/block_recipes/images/light_blue_stained_glass.png
Yellow Stained Glass,https://www.digminecraft.com/block_recipes/images/yellow_stained_glass.png
Lime Stained Glass,https://www.digminecraft.com/block_recipes/images/lime_stained_glass.png
Pink Stained Glass,https://www.digminecraft.com/block_recipes/images/pink_stained_glass.png
Gray Stained Glass,https://www.digminecraft.com/block_recipes/images/gray_stained_glass.png
Light Gray Stained Glass,https://www.digminecraft.com/block_recipes/images/light_gray_stained_glass.png
Cyan Stained Glass,https://www.digminecraft.com/block_recipes/images/cyan_stained_glass.png
Purple Stained Glass,https://www.digminecraft.com/block_recipes/images/purple_stained_glass.png
Blue Stained Glass,https://www.digminecraft.com/block_recipes/images/blue_stained_glass.png
Brown Stained Glass,https://www.digminecraft.com/block_recipes/images/brown_stained_glass.png
Green Stained Glass,https://www.digminecraft.com/block_recipes/images/green_stained_glass.png
Red Stained Glass,https://www.digminecraft.com/block_recipes/images/red_stained_glass.png
Black Stained Glass,https://www.digminecraft.com/block_recipes/images/black_stained_glass.png
White Stained Glass Pane,https://www.digminecraft.com/decoration_recipes/images/white_stained_glass_pane.png
Orange Stained Glass Pane,https://www.digminecraft.com/decoration_recipes/images/orange_stained_glass_pane.png
Magenta Stained Glass Pane,https://www.digminecraft.com/decoration_recipes/images/magenta_stained_glass_pane.png
Light Blue Stained Glass Pane,https://www.digminecraft.com/decoration_recipes/images/light_blue_stained_glass_pane.png
Yellow Stained Glass Pane,https://www.digminecraft.com/decoration_recipes/images/yellow_stained_glass_pane.png
Lime Stained Glass Pane,https://www.digminecraft.com/decoration_recipes/images/lime_stained_glass_pane.png
Pink Stained Glass Pane,https://www.digminecraft.com/decoration_recipes/images/pink_stained_glass_pane.png
Gray Stained Glass Pane,https://www.digminecraft.com/decoration_recipes/images/gray_stained_glass_pane.png
Light Gray Stained Glass Pane,https://www.digminecraft.com/decoration_recipes/images/light_gray_stained_glass_pane.png
Cyan Stained Glass Pane,https://www.digminecraft.com/decoration_recipes/images/cyan_stained_glass_pane.png
Purple Stained Glass Pane,https://www.digminecraft.com/decoration_recipes/images/purple_stained_glass_pane.png
Blue Stained Glass Pane,https://www.digminecraft.com/decoration_recipes/images/blue_stained_glass_pane.png
Brown Stained Glass Pane,https://www.digminecraft.com/decoration_recipes/images/brown_stained_glass_pane.png
Green Stained Glass Pane,https://www.digminecraft.com/decoration_recipes/images/green_stained_glass_pane.png
Red Stained Glass Pane,https://www.digminecraft.com/decoration_recipes/images/red_stained_glass_pane.png
Black Stained Glass Pane,https://www.digminecraft.com/decoration_recipes/images/black_stained_glass_pane.png
White Terracotta,https://www.digminecraft.com/block_recipes/images/white_stained_clay.png
Orange Terracotta,https://www.digminecraft.com/block_recipes/images/orange_stained_clay.png
Magenta Terracotta,https://www.digminecraft.com/block_recipes/images/magenta_stained_clay.png
Light Blue Terracotta,https://www.digminecraft.com/block_recipes/images/light_blue_stained_clay.png
Yellow Terracotta,https://www.digminecraft.com/block_recipes/images/yellow_stained_clay.png
Lime Terracotta,https://www.digminecraft.com/block_recipes/images/lime_stained_clay.png
Pink Terracotta,https://www.digminecraft.com/block_recipes/images/pink_stained_clay.png
Gray Terracotta,https://www.digminecraft.com/block_recipes/images/gray_stained_clay.png
Light Gray Terracotta,https://www.digminecraft.com/block_recipes/images/light_gray_stained_clay.png
Cyan Terracotta,https://www.digminecraft.com/block_recipes/images/cyan_stained_clay.png
Purple Terracotta,https://www.digminecraft.com/block_recipes/images/purple_stained_clay.png
Blue Terracotta,https://www.digminecraft.com/block_recipes/images/blue_stained_clay.png
Brown Terracotta,https://www.digminecraft.com/block_recipes/images/brown_stained_clay.png
Green Terracotta,https://www.digminecraft.com/block_recipes/images/green_stained_clay.png
Red Terracotta,https://www.digminecraft.com/block_recipes/images/red_stained_clay.png
Black Terracotta,https://www.digminecraft.com/block_recipes/images/black_stained_clay.png
Stick,https://www.digminecraft.com/basic_recipes/images/stick.png
Sticky Piston,https://www.digminecraft.com/mechanism_recipes/images/sticky_piston.png
Stone,https://www.digminecraft.com/block_recipes/images/stone.png
Granite,https://www.digminecraft.com/materials/images/granite.png
Polished Granite,https://www.digminecraft.com/block_recipes/images/polished_granite.png
Diorite,https://www.digminecraft.com/materials/images/diorite.png
Polished Diorite,https://www.digminecraft.com/block_recipes/images/polished_diorite.png
Andesite,https://www.digminecraft.com/materials/images/andesite.png
Polished Andesite,https://www.digminecraft.com/block_recipes/images/polished_andesite.png
Stone Axe,https://www.digminecraft.com/tool_recipes/images/stone_axe.png
Stone Brick Stairs,https://www.digminecraft.com/block_recipes/images/stone_brick_stairs.png
Stone Button,https://www.digminecraft.com/mechanism_recipes/images/button_stone.png
Stone Hoe,https://www.digminecraft.com/tool_recipes/images/stone_hoe.png
Stone Pickaxe,https://www.digminecraft.com/tool_recipes/images/stone_pickaxe.png
Stone Pressure Plate,https://www.digminecraft.com/mechanism_recipes/images/stone_pressure_plate.png
Stone Shovel,https://www.digminecraft.com/tool_recipes/images/stone_shovel.png
Stone Slab,https://www.digminecraft.com/block_recipes/images/stone_slab.png
Sandstone Slab,https://www.digminecraft.com/block_recipes/images/sandstone_slab.png
Cobblestone Slab,https://www.digminecraft.com/block_recipes/images/cobblestone_slab.png
Brick Slab,https://www.digminecraft.com/block_recipes/images/bricks_slab.png
Stone Brick Slab,https://www.digminecraft.com/block_recipes/images/stone_bricks_slab.png
Quartz Slab,https://www.digminecraft.com/block_recipes/images/quartz_slab.png
Nether Brick Slab,https://www.digminecraft.com/block_recipes/images/nether_brick_slab.png
Smooth Stone Slab,https://www.digminecraft.com/block_recipes/images/smooth_stone_slab.png
Red Sandstone Slab,https://www.digminecraft.com/block_recipes/images/red_sandstone_slab.png
Purpur Slab,https://www.digminecraft.com/block_recipes/images/purpur_slab.png
Prismarine Slab,https://www.digminecraft.com/block_recipes/images/prismarine_slab.png
Dark Prismarine Slab,https://www.digminecraft.com/block_recipes/images/dark_prismarine_slab.png
Prismarine Brick Slab,https://www.digminecraft.com/block_recipes/images/prismarine_bricks_slab.png
Mossy Cobblestone Slab,https://www.digminecraft.com/block_recipes/images/mossy_cobblestone_slab.png
Smooth Sandstone Slab,https://www.digminecraft.com/block_recipes/images/smooth_sandstone_slab.png
Red Nether Brick Slab,https://www.digminecraft.com/block_recipes/images/red_nether_brick_slab.png
End Stone Brick Slab,https://www.digminecraft.com/block_recipes/images/end_stone_brick_slab.png
Smooth Red Sandstone Slab,https://www.digminecraft.com/block_recipes/images/smooth_red_sandstone_slab.png
Polished Andesite Slab,https://www.digminecraft.com/block_recipes/images/polished_andesite_slab.png
Andesite Slab,https://www.digminecraft.com/block_recipes/images/andesite_slab.png
Diorite Slab,https://www.digminecraft.com/block_recipes/images/diorite_slab.png
Polished Diorite Slab,https://www.digminecraft.com/block_recipes/images/polished_diorite_slab.png
Granite Slab,https://www.digminecraft.com/block_recipes/images/granite_slab.png
Polished Granite Slab,https://www.digminecraft.com/block_recipes/images/polished_granite_slab.png
Mossy Stone Brick Slab,https://www.digminecraft.com/block_recipes/images/mossy_stone_brick_slab.png
Smooth Quartz Slab,https://www.digminecraft.com/block_recipes/images/smooth_quartz_slab.png
Cut Sandstone Slab,https://www.digminecraft.com/block_recipes/images/cut_sandstone_slab.png
Cut Red Sandstone Slab,https://www.digminecraft.com/block_recipes/images/cut_red_sandstone_slab.png
Cobblestone Stairs,https://www.digminecraft.com/block_recipes/images/cobblestone_stairs.png
Stone Sword,https://www.digminecraft.com/weapon_recipes/images/stone_sword.png
Stone Bricks,https://www.digminecraft.com/block_recipes/images/stone_bricks.png
Mossy Stone Bricks,https://www.digminecraft.com/block_recipes/images/mossy_stone_bricks.png
Cracked Stone Bricks,https://www.digminecraft.com/block_recipes/images/cracked_stone_bricks.png
Chiseled Stone Bricks,https://www.digminecraft.com/block_recipes/images/chiseled_stone_bricks.png
Stonecutter,https://www.digminecraft.com/basic_recipes/images/stonecutter.png
Stray Spawn Egg,https://www.digminecraft.com/materials/images/spawn_stray.png
Strider Spawn Egg,https://www.digminecraft.com/materials/images/spawn_strider.png
String,https://www.digminecraft.com/materials/images/string.png
Stripped Acacia Log,https://www.digminecraft.com/block_recipes/images/stripped_acacia_log.png
Stripped Birch Log,https://www.digminecraft.com/block_recipes/images/stripped_birch_log.png
Stripped Crimson Hyphae,https://www.digminecraft.com/block_recipes/images/stripped_crimson_hyphae.png
Stripped Crimson Stem,https://www.digminecraft.com/materials/images/stripped_crimson_stem.png
Stripped Dark Oak Log,https://www.digminecraft.com/block_recipes/images/stripped_dark_oak_log.png
Stripped Jungle Log,https://www.digminecraft.com/block_recipes/images/stripped_jungle_log.png
Stripped Oak Log,https://www.digminecraft.com/block_recipes/images/stripped_oak_log.png
Stripped Spruce Log,https://www.digminecraft.com/block_recipes/images/stripped_spruce_log.png
Stripped Warped Hyphae,https://www.digminecraft.com/block_recipes/images/stripped_warped_hyphae.png
Stripped Warped Stem,https://www.digminecraft.com/materials/images/stripped_warped_stem.png
Structure Block,https://www.digminecraft.com/basic_recipes/images/structure_block.png
Sugar,https://www.digminecraft.com/food_recipes/images/sugar.png
Sugar Canes,https://www.digminecraft.com/materials/images/sugar_canes.png
Suspicious Stew,https://www.digminecraft.com/food_recipes/images/suspicious_stew.png
Sweet Berries,https://www.digminecraft.com/materials/images/sweet_berries.png
Grass,https://www.digminecraft.com/materials/images/grass.png
Fern,https://www.digminecraft.com/materials/images/fern.png
Target,https://www.digminecraft.com/block_recipes/images/target.png
TNT,https://www.digminecraft.com/block_recipes/images/tnt.png
Minecart with TNT,https://www.digminecraft.com/transportation_recipes/images/minecart_with_tnt.png
Torch,https://www.digminecraft.com/basic_recipes/images/torch.png
Totem of Undying,https://www.digminecraft.com/armor_recipes/images/totem_undying.png
Oak Trapdoor,https://www.digminecraft.com/mechanism_recipes/images/trapdoor.png
Trapped Chest,https://www.digminecraft.com/basic_recipes/images/trapped_chest.png
Trident,https://www.digminecraft.com/weapon_recipes/images/trident.png
Tripwire Hook,https://www.digminecraft.com/mechanism_recipes/images/tripwire_hook.png
Tropical Fish (Clownfish),https://www.digminecraft.com/materials/images/clownfish.png
Bucket of Tropical Fish,https://www.digminecraft.com/basic_recipes/images/tropical_fish_bucket.png
Tropical Fish Spawn Egg,https://www.digminecraft.com/materials/images/spawn_tropical_fish.png
Turtle Egg,https://www.digminecraft.com/materials/images/turtle_egg.png
Turtle Shell,https://www.digminecraft.com/armor_recipes/images/turtle_shell.png
Turtle Spawn Egg,https://www.digminecraft.com/materials/images/spawn_turtle.png
Twisting Vines,https://www.digminecraft.com/materials/images/twisting_vines.png
Shulker Box,https://www.digminecraft.com/decoration_recipes/images/shulker_box.png
Vex Spawn Egg,https://www.digminecraft.com/materials/images/spawn_vex.png
Villager Spawn Egg,https://www.digminecraft.com/materials/images/spawn_villager.png
Vindicator Spawn Egg,https://www.digminecraft.com/materials/images/spawn_vindicator.png
Vines,https://www.digminecraft.com/materials/images/vines.png
Wandering Trader Spawn Egg,https://www.digminecraft.com/materials/images/spawn_wandering_trader.png
Warped Button,https://www.digminecraft.com/mechanism_recipes/images/warped_button.png
Warped Door,https://www.digminecraft.com/mechanism_recipes/images/warped_door.png
Warped Fence,https://www.digminecraft.com/basic_recipes/images/warped_fence.png
Warped Fence Gate,https://www.digminecraft.com/basic_recipes/images/warped_fence_gate.png
Warped Fungus,https://www.digminecraft.com/materials/images/warped_fungi.png
Warped Fungus on a Stick,https://www.digminecraft.com/transportation_recipes/images/warped_fungus_on_stick.png
Warped Hyphae,https://www.digminecraft.com/block_recipes/images/warped_hyphae.png
Warped Nylium,https://www.digminecraft.com/materials/images/warped_nylium.png
Warped Planks,https://www.digminecraft.com/basic_recipes/images/warped_planks.png
Warped Pressure Plate,https://www.digminecraft.com/mechanism_recipes/images/warped_pressure_plate.png
Warped Roots,https://www.digminecraft.com/materials/images/warped_roots.png
Warped Sign,https://www.digminecraft.com/basic_recipes/images/warped_sign.png
Warped Slab,https://www.digminecraft.com/block_recipes/images/warped_slab.png
Warped Stairs,https://www.digminecraft.com/block_recipes/images/warped_stairs.png
Warped Stem,https://www.digminecraft.com/materials/images/warped_stem.png
Warped Trapdoor,https://www.digminecraft.com/mechanism_recipes/images/warped_trapdoor.png
Warped Wart Block,https://www.digminecraft.com/materials/images/warped_wart_block.png
Water,https://www.digminecraft.com/materials/images/water.png
Water Bucket,https://www.digminecraft.com/basic_recipes/images/water_bucket.png
Lily Pad,https://www.digminecraft.com/materials/images/lily_pad.png
Cobweb,https://www.digminecraft.com/materials/images/cobweb.png
Weeping Vines,https://www.digminecraft.com/materials/images/weeping_vines.png
Wheat,https://www.digminecraft.com/materials/images/wheat.png
Seeds,https://www.digminecraft.com/materials/images/seeds.png
White Dye,https://www.digminecraft.com/dye_recipes/images/white_dye.png
White Glazed Terracotta,https://www.digminecraft.com/decoration_recipes/images/white_glazed_terracotta.png
Witch Spawn Egg,https://www.digminecraft.com/materials/images/spawn_witch.png
Wither Rose,https://www.digminecraft.com/materials/images/wither_rose.png
Wither Skeleton Spawn Egg,https://www.digminecraft.com/materials/images/spawn_wither_skeleton.png
Wolf Spawn Egg,https://www.digminecraft.com/materials/images/spawn_wolf.png
Oak Wood with Bark,https://www.digminecraft.com/block_recipes/images/oak_bark.png
Spruce Wood with Bark,https://www.digminecraft.com/block_recipes/images/spruce_bark.png
Birch Wood with Bark,https://www.digminecraft.com/block_recipes/images/birch_bark.png
Jungle Wood with Bark,https://www.digminecraft.com/block_recipes/images/jungle_bark.png
Acacia Wood with Bark,https://www.digminecraft.com/block_recipes/images/acacia_bark.png
Dark Oak Wood with Bark,https://www.digminecraft.com/block_recipes/images/dark_oak_bark.png
Stripped Oak Wood,https://www.digminecraft.com/block_recipes/images/stripped_oak_wood.png
Stripped Spruce Wood,https://www.digminecraft.com/block_recipes/images/stripped_spruce_wood.png
Stripped Birch Wood,https://www.digminecraft.com/block_recipes/images/stripped_birch_wood.png
Stripped Jungle Wood,https://www.digminecraft.com/block_recipes/images/stripped_jungle_wood.png
Stripped Acacia Wood,https://www.digminecraft.com/block_recipes/images/stripped_acacia_wood.png
Stripped Dark Oak Wood,https://www.digminecraft.com/block_recipes/images/stripped_dark_oak_wood.png
Wooden Axe,https://www.digminecraft.com/tool_recipes/images/wooden_axe.png
Oak Button,https://www.digminecraft.com/mechanism_recipes/images/button.png
Oak Door,https://www.digminecraft.com/mechanism_recipes/images/oak_door.png
Wooden Hoe,https://www.digminecraft.com/tool_recipes/images/wooden_hoe.png
Wooden Pickaxe,https://www.digminecraft.com/tool_recipes/images/wooden_pickaxe.png
Oak Pressure Plate,https://www.digminecraft.com/mechanism_recipes/images/wooden_pressure_plate.png
Wooden Shovel,https://www.digminecraft.com/tool_recipes/images/wooden_shovel.png
Oak Slab,https://www.digminecraft.com/block_recipes/images/oak_wood_slab.png
Spruce Slab,https://www.digminecraft.com/block_recipes/images/spruce_wood_slab.png
Birch Slab,https://www.digminecraft.com/block_recipes/images/birch_wood_slab.png
Jungle Slab,https://www.digminecraft.com/block_recipes/images/jungle_wood_slab.png
Acacia Slab,https://www.digminecraft.com/block_recipes/images/acacia_wood_slab.png
Dark Oak Slab,https://www.digminecraft.com/block_recipes/images/dark_oak_wood_slab.png
Wooden Sword,https://www.digminecraft.com/weapon_recipes/images/wooden_sword.png
White Wool,https://www.digminecraft.com/block_recipes/images/wool.png
Orange Wool,https://www.digminecraft.com/block_recipes/images/orange_wool.png
Magenta Wool,https://www.digminecraft.com/block_recipes/images/magenta_wool.png
Light Blue Wool,https://www.digminecraft.com/block_recipes/images/light_blue_wool.png
Yellow Wool,https://www.digminecraft.com/block_recipes/images/yellow_wool.png
Lime Wool,https://www.digminecraft.com/block_recipes/images/lime_wool.png
Pink Wool,https://www.digminecraft.com/block_recipes/images/pink_wool.png
Gray Wool,https://www.digminecraft.com/block_recipes/images/gray_wool.png
Light Gray Wool,https://www.digminecraft.com/block_recipes/images/light_gray_wool.png
Cyan Wool,https://www.digminecraft.com/block_recipes/images/cyan_wool.png
Purple Wool,https://www.digminecraft.com/block_recipes/images/purple_wool.png
Blue Wool,https://www.digminecraft.com/block_recipes/images/blue_wool.png
Brown Wool,https://www.digminecraft.com/block_recipes/images/brown_wool.png
Green Wool,https://www.digminecraft.com/block_recipes/images/green_wool.png
Red Wool,https://www.digminecraft.com/block_recipes/images/red_wool.png
Black Wool,https://www.digminecraft.com/block_recipes/images/black_wool.png
Book and Quill,https://www.digminecraft.com/basic_recipes/images/book_quill.png
Written Book,https://www.digminecraft.com/basic_recipes/images/written_book.png
Yellow Dye,https://www.digminecraft.com/dye_recipes/images/dandelion_yellow.png
Dandelion,https://www.digminecraft.com/materials/images/dandelion.png
Yellow Glazed Terracotta,https://www.digminecraft.com/decoration_recipes/images/yellow_glazed_terracotta.png
Zoglin Spawn Egg,https://www.digminecraft.com/materials/images/spawn_zoglin.png
Zombie Horse Spawn Egg,https://www.digminecraft.com/materials/images/spawn_zombie_horse.png
Zombified Piglin Spawn Egg,https://www.digminecraft.com/materials/images/spawn_zombie_pigman.png
Zombie Spawn Egg,https://www.digminecraft.com/materials/images/spawn_zombie.png
Zombie Villager Spawn Egg,https://www.digminecraft.com/materials/images/spawn_zombie_villager.png
